id,first_name,last_name,age,email,gender
1,Florenza,Rettie,49,frettie0@issuu.com,Female
2,Car,McIlmorow,61,cmcilmorow1@nyu.edu,Male
3,Carena,Knottley,50,cknottley2@indiatimes.com,Female
4,Hube,Shotbolt,15,hshotbolt3@networkadvertising.org,Male
5,Rafferty,Hartrick,54,rhartrick4@dedecms.com,Male
6,Garland,Eccleston,42,geccleston5@joomla.org,Female
7,Mirelle,Cissell,25,mcissell6@addtoany.com,Female
8,Worden,Lemasney,23,wlemasney7@xing.com,Male
9,Stoddard,Mackett,21,smackett8@yandex.ru,Female
10,Janine,Maysor,67,jmaysor9@tiny.cc,Female
11,Roberta,Parkinson,50,rparkinsona@columbia.edu,Female
12,Reggi,Guppy,43,rguppyb@nyu.edu,Female
13,Erminia,Grewes,50,egrewesc@nbcnews.com,Female
14,Uriel,Thornhill,18,uthornhilld@blinklist.com,Male
15,Rubina,Gamlyn,41,rgamlyne@salon.com,Female
16,Derick,Tembridge,63,dtembridgef@icq.com,Male
17,Clayson,Kitto,69,ckittog@yahoo.co.jp,Male
18,Carin,Gealle,50,cgealleh@paginegialle.it,Female
19,Tessie,Carluccio,34,tcarluccioi@lulu.com,Female
20,Darcey,Laxe,45,dlaxej@adobe.com,Female
21,Annecorinne,Pipet,66,apipetk@china.com.cn,Female
22,Morlee,Bernat,18,mbernatl@cnn.com,Male
23,Levin,Renault,36,lrenaultm@hostgator.com,Male
24,Rriocard,McCord,56,rmccordn@xinhuanet.com,Male
25,Jere,Simko,70,jsimkoo@list-manage.com,Genderfluid
26,Arden,Shelf,33,ashelfp@telegraph.co.uk,Female
27,Melantha,Coldbreath,48,mcoldbreathq@google.ru,Female
28,Noble,Titherington,23,ntitheringtonr@tinypic.com,Male
29,Philippe,Chatelain,64,pchatelains@wikispaces.com,Female
30,Edd,Sayburn,43,esayburnt@about.com,Bigender
31,Bartholemy,Toft,45,btoftu@facebook.com,Male
32,Fee,Rothon,21,frothonv@mac.com,Male
33,Bartlet,Bazely,33,bbazelyw@chicagotribune.com,Genderqueer
34,Velvet,Colisbe,37,vcolisbex@feedburner.com,Female
35,Temp,Aleksandrev,23,taleksandrevy@wiley.com,Male
36,Hussein,Beare,44,hbearez@techcrunch.com,Male
37,Franny,Costard,15,fcostard10@smh.com.au,Male
38,Rafael,Parysowna,29,rparysowna11@about.me,Male
39,Hyman,Tabart,16,htabart12@thetimes.co.uk,Genderqueer
40,Fletch,Guise,69,fguise13@oaic.gov.au,Male
41,Skell,Garthside,16,sgarthside14@1und1.de,Male
42,Dyane,Castro,44,dcastro15@tinyurl.com,Female
43,Eward,Storton,68,estorton16@umn.edu,Male
44,Lorry,Custy,28,lcusty17@facebook.com,Genderqueer
45,Madel,Simoes,39,msimoes18@altervista.org,Female
46,Rock,O'Lennane,46,rolennane19@g.co,Male
47,Almeria,Summons,32,asummons1a@feedburner.com,Female
48,Asia,Portinari,68,aportinari1b@hibu.com,Female
49,Di,Paddingdon,59,dpaddingdon1c@upenn.edu,Female
50,Ethelin,Bonifazio,59,ebonifazio1d@clickbank.net,Female
51,Elberta,Lilie,53,elilie1e@facebook.com,Female
52,Darice,Sleany,62,dsleany1f@harvard.edu,Female
53,Abbe,Gwilt,16,agwilt1g@gov.uk,Female
54,Elaine,Brandreth,62,ebrandreth1h@theatlantic.com,Female
55,Alanna,Cringle,54,acringle1i@nytimes.com,Female
56,Philippe,Brasener,49,pbrasener1j@technorati.com,Female
57,Inger,Pendleberry,17,ipendleberry1k@people.com.cn,Female
58,Merrili,Dyter,29,mdyter1l@goodreads.com,Female
59,Barb,Acutt,62,bacutt1m@bravesites.com,Female
60,Ingar,Maas,40,imaas1n@icq.com,Male
61,Dannye,Chapell,70,dchapell1o@qq.com,Female
62,Pippo,Culpan,45,pculpan1p@wordpress.com,Male
63,Gretchen,Holley,49,gholley1q@bandcamp.com,Genderfluid
64,Kinna,Wellsman,25,kwellsman1r@netscape.com,Female
65,Julietta,Kuban,55,jkuban1s@comsenz.com,Female
66,Jere,Lemmer,61,jlemmer1t@yandex.ru,Genderfluid
67,Allan,Laughlin,63,alaughlin1u@ca.gov,Male
68,Tobey,Dimelow,20,tdimelow1v@mtv.com,Female
69,Bessy,Rotchell,34,brotchell1w@e-recht24.de,Female
70,Hillary,Blackleech,69,hblackleech1x@exblog.jp,Female
71,Hermann,Crammy,48,hcrammy1y@de.vu,Male
72,Fons,Kun,46,fkun1z@amazon.co.uk,Male
73,Adolph,Zorer,48,azorer20@bloglines.com,Male
74,Mohammed,Blakden,38,mblakden21@bizjournals.com,Male
75,Rudy,McCutcheon,61,rmccutcheon22@nbcnews.com,Male
76,Genni,Peasee,39,gpeasee23@admin.ch,Female
77,Fawnia,Tipper,30,ftipper24@themeforest.net,Polygender
78,Hugo,Zmitrovich,33,hzmitrovich25@rediff.com,Male
79,Isiahi,Forshaw,66,iforshaw26@lulu.com,Male
80,Gnni,Ondrusek,40,gondrusek27@yahoo.co.jp,Female
81,Tamqrah,Beckwith,41,tbeckwith28@comsenz.com,Female
82,Blair,Lackner,30,blackner29@domainmarket.com,Male
83,Dita,Boydell,24,dboydell2a@google.com.hk,Agender
84,Ellsworth,Douthwaite,68,edouthwaite2b@msu.edu,Male
85,Debera,Litster,36,dlitster2c@addthis.com,Female
86,Bevvy,Plumm,66,bplumm2d@amazonaws.com,Female
87,Inga,Lothlorien,62,ilothlorien2e@cargocollective.com,Female
88,Holden,Champney,30,hchampney2f@fema.gov,Male
89,Marybelle,Hannent,46,mhannent2g@japanpost.jp,Female
90,Mil,Kobiela,45,mkobiela2h@si.edu,Agender
91,Merralee,Letham,45,mletham2i@go.com,Female
92,Benedick,Eccleston,62,beccleston2j@icq.com,Male
93,Vivi,Roughley,32,vroughley2k@mac.com,Female
94,Thatch,Kuschke,64,tkuschke2l@usa.gov,Male
95,Robyn,Glendza,54,rglendza2m@nhs.uk,Female
96,Malchy,Kepp,15,mkepp2n@oakley.com,Male
97,Rochester,Bleby,34,rbleby2o@earthlink.net,Male
98,Zara,Fielder,64,zfielder2p@myspace.com,Female
99,Pearla,Mc Queen,32,pmcqueen2q@google.fr,Female
100,Duffie,Fowgies,27,dfowgies2r@sciencedaily.com,Male
